Protein,sequence,Cyclical,Drug Score,Number of alpha spheres,Mean alpha-sphere radius,Mean alpha-sphere solvent acc,Hydrophobicity Score,Polarity Score,Amino Acid based volume Score,Pocket volume (Monte Carlo),Pocket volume (Convex hull),Charge Score,Local hydrophobic density Score,Number of apolar alpha sphere,Proportion of apolar alpha sphere,Glycine - G,Alanine - A,Leucine - L,Methionine - M,Phenylalanine - F,Tryptophan - W,Lysine - K,Glutamine - Q,Glutamic Acid - E,Serine - S,Proline - P,Valine - V,Isoleucine - I,Cysteine - C,Tyrosine - Y,Histidine - H,Arginine - R,Asparagine - N,Aspartic Acid - D,Threonine - T,Number of residues,Polar,Non-polar,Charged,Positive charge,Negative charge,Pos-neg charge ratio,Uncharged,Aromatic,Hydrophobic,Small,Tiny
A0A140AZ72_L,MFAICKVVNYYSSCRIIPKVSGNFGTLLQRSFNRAFSCEIEANEPFVDLFSEEEHLKSMLPAVKEEIIEEHLVLHKDNKEIRNRCEKLIDYNINTESKFLTFPLIFLRTYKLLEKPALLNDENLKKACILAWCHRLIHASVIISDDIVDDSEMRYNKTTWCKLPDVGKEDAITDAAFLLTGAIFLLQNHLRHHPHNFILQKHFLRGYAFINVSYMMDNRKHHINELEKYQVHTKLYFSNLFSTAMYLANVENDYWQKVSDEICNDISQYLKVEDDVIDLYDSKGKIRKCTDISLGRPSWFLMEAYKRANAGQRKILEENFHKNNEESVEKLYSIFQELELLEVYRKFTDNFYAQEISKIREKIPKSIMQDILINLVNLAVNHKLRY,0,0.0234,155,4.2104,0.5164,20.5,28,4.5,2580.3318,1850.8457,0,26.2651,83,0.5355,0,1,4,1,3,0,3,0,2,3,1,2,4,0,3,2,3,2,7,3,44,28,16,17,8,9,0.888888889,27,8,26,19,4
A0A3S9GV71_L,MRQTQQILSFDPMVEHGSGRPLLRGKVLRNIHPGEARAFRESLDWVVDCGITEVGSVLYAKFQQARFSALAALVYPYATSEQLVWLSKFVVFLFAYDDVNDDREQLVQNPTLDGELEMLEESLMSIARGSRPRGAEQPLARAFADFMAEFQRYASDDWLACFADDVEDYLLANRMERKVHVSDNVMKPADYIPCRRSLSACRAGFDVGAALLGIDCAKIRSSEIARVMATLGNDHFSWLNDLFGIDRDLKQGTASNLIICLAAHTTHDLHHALDMTVNMLNETCTTFFELEHSEHVRADPDVRLYSQIVRSSIVGTLSWYYRSERYNAAHAKQH,0,0.9974,208,3.9286,0.4772,25.375,25,4.5,1489.7842,1164.8976,2,43.2766,94,0.4519,1,1,4,0,4,0,0,1,1,4,0,4,0,1,4,1,5,3,4,2,40,26,14,11,6,5,1.2,29,9,22,20,7
A0A7S5L324_L,MAAQQLLQCKLKSRASDPFQQRRSANYKPNIWSHEFLQSLSNNYDEEQYRSQFGELKEHVKRLFIDADDLLSKLELIDSIKKLGLANHFREEIKEALDNIASKNQSTEADLYSTALRFKVLRQNGYEVFQDVFSVFVDEEGAFGGNISCDDDIRGIVELFEASHLALEADNILDEAKAFSTRIFETRSCRTESSINKQIVHTLELPYHWRVHWFDVKWYIEGHDHQKEKDSLLELAKLNFNVVQNTLQKDLRELSGWWKNLGLIENLSFARNRLVECFMCTAAFAYEPHHNNLRKWLTKVLIMIAIIDDVYDVYGSLEELHHFTIAVDRWNSSKIQQLPECMKLCFQALTGITNEVAREMQTENNWSHQVLPHLKKVWADFCKALFVEAKWHKTGHMPSLKEYMNNAWITSSGSLISVHLLFSTLHEDTKEILETNEDLVYNLSLVIRLCNDLGTSAAELQRGDAPSSILCYRRENNVPEAIAREHIKGLINETMKKMNAECFGQSALELQPFTNIIMNVARMVHNLYLHGDGFGVQDGETRRQIASVLVEPFSLV,0,0.7861,223,3.8788,0.4702,25.54,29,4.32,1718.6885,1559.2654,0,22.3051,59,0.2646,1,4,4,1,3,0,1,2,2,4,1,3,3,1,5,1,5,2,5,2,50,30,20,14,7,7,1,36,9,29,23,10
A0A7S5L3H2_L,MAFFGSSRSSIVPLKTISQTVTADSTNKWGTVDSNHKSAPTTPLNDRICNEHAHKVKDFKQIINVAGEDPSEGLAIIDAVQRLGVDHHFQDEIHTILQKHYTLANGTTTHGDCMITSLRFRLLRQEGYYVSADVFEGLKDEEGKFDQNLSGDIKGLMALYEASQLSMEGENILDEARDYSSRLLNAYVTQLDHDQARIVEHTLTHPHHKSLARFMAKNFLRDFHGTNGWIDDLKKLAKVDFDMAQSTYQKEVVQISQWWKELGLAEELKFARDQPVKWYIWTTTCHQDPSFSELRINLTKPISFVYLIDDIFDVYGTLQEVTDFTEAVDRWDHDAIDQLPYYMKICFKALDDITNEISYKVYKQHGWNPLDSLRKSWGRLCNAFLTEAKWFASGHLPKAEEYLENGIISSGVPVVLLHLFFLLGEGVTQKSVEMIDNTPAIVSAAAAILRLWDDLGSAKDEDQDGKDGSYLACYTNENPGCSLEDAEKHVKSKICDEWKQLNKECLSQKNPFSPSFLKACLNVSRMVPLMYEYDENRRLPRLEEFLKSILIK,0,0.9523,112,3.8644,0.4877,27.56,15,4.56,613.9803,211.8036,-3,49.2,60,0.5357,1,0,2,0,1,1,0,0,2,3,0,4,1,1,3,0,2,0,4,0,25,16,9,8,2,6,0.333333333,17,5,14,13,5
C0KWV3_L,MSSMRTYVAIMKKPSVEHVDNVDKKASKPSWRVSLSAGLRSSCSLQLEVKPADQILTARRSGNYQPSLWDFNYLQSLNTTHYKEVRHLKREAELIEQVKMLLEEEMEAVQQLELVDDLKNLGLSYFFEDQIKQILTFIYNEHKCFHSNSIIEAEEIRDLYFTALGFRLLRQHGFQISQEVFDCFKNEEGSDFKARLGDDTKGLLQLYEASFLLREGEDTLELARQYATKFLQKKVDHELIDDNNLLSWILHSLEIPLHWRIQRLEARWFLDAYASRRDMNQIILELAKLDFNIIQATQQEELKDLSRWWKSSCLAEKLPFVRDRLVESYFWAIALFEPHQYGYHRKIAAKIITLITSLDDVYDIYGTLDELQLFTDAIQRWDTESISRLPYYMQLFYMVLYNFVPRLAYDGLKEKGFITIPYLQRSWADLVEAYLKEAKWYYNGYTPSMEEYLNNAYISIGATPVISQVFFTLATSIDKPVIDSLYEYHRILRLSGILVRLPDDLGTSPFEMKRGDVPKAIQLYMKERNATEIEAQEHVRFLIREAWKEMNTATAAVDCPFTDDLVTAAANLGRAAQFMYLDGDGNHSQLHQRIACLLFEPYA,0,0.0687,132,3.7535,0.4249,15,24,4.7097,849.0969,464.4393,-3,8.6667,24,0.1818,1,1,0,1,1,1,1,0,3,2,0,0,3,0,5,0,4,1,5,2,31,24,7,13,5,8,0.625,18,7,16,12,4
ErTC1_L,MSISQMVFSKELRVPKEWSKYHFDIVKEPIDPELFSEDELFDWVEDLGLTDDKSVVTKYAQRTGGYLFLRLHMVFFPKNSLFKKLFKLWAHLVPSLFVTDDFLEATSEIEMRQVCDGFEFLAGQIRGQLPQFPTIAEMKQSLLLQKIDEKLIPHTIHLMDFANNVAKSIIQHSSIPIESVNEYWRRLVVVCSLYYAGVAFEVKHSVRSYSEDVWTGVFTVAYLLWLPCLEILSGAVGKTTEHLSLINELSFLATFSARVVNDIYSYNRELVLEHKPVSMVARIAESKEVTTADEALIKNVEILGAIVKVMYQRIEKAKQENQTNKELCKWLDNIGVGTIGVHFWHHYIPRYTSAPCRLSFVGVEEDELKEWRKCSEEEPPKELFPVLLDHSQIAKRINDAIISGVVPTQVKNVLCTD,0,0.5066,118,3.7683,0.4686,32.92,15,4.92,638.331,243.1824,0,44.5556,54,0.4576,0,2,1,0,2,2,0,0,3,0,1,4,0,0,3,1,3,1,1,1,25,15,10,8,4,4,1,17,8,16,10,2
G1JUH4_M,MVSIFSNAGMMMVTFNRPSFTCFSSLHHYSISARGAINNISTPISATRRSGNYKPTMWDFQFIQSLHNPYEGDKYMKRLNELKKEVKKMMMTVEGSHDEELEKLELIDNLERLGVSYHFKDEIMQILRSINININIAPPDSLYTTSLKFRLLRQHGFHISQDVLKDFKDENGNLKQSICKDTKGMLELYEASFLSTETENTLKSATRFTMSHLKNYVDNHSCGNQDDDIIVELVVHALELPRHWMMPKLETEWYIRIYGRMPNANPLLLELAKLDFNIVQAAHQQDLKILSRWWKSMSLAEKLSFSRDRLVEDFFWSVGLAFEPQHSLCRRMLAKNVAFIIVIDDIYDVYGSLDELEIFTHAVERWDIKAMEQLPDYMKICYLSLFNTTNEMAYHILKQQGINVLPYLTKQWTDLCKSYLQEAKWYHNGHKPRLEEYMDNAWISIATPLVLLHAFIFLTNPITQEALESLNNYPDIIRRCAIINRFVDDLGTSSDELKRGDVPKSIQCYMNDTGASEEEAREHINLLIKEMWEVMNKDQISKQVLFSEEFIKIVFNFSRTSHCVYQHGDGHGIQNSHITNRISKLLFEPLII,1,0.9556,122,3.8477,0.4561,19.8667,21,4.4,722.5622,252.2272,-2,55.7778,63,0.5164,0,1,2,0,1,1,1,0,2,3,0,2,3,0,2,1,3,1,5,2,30,21,9,12,5,7,0.714285714,18,5,16,14,4
G8H5M7_M,MAASSANKSRPLANFHPTVWGYHFLSYTHEITNQEKVEVDEYKETIRKMLVEAPEGSEQKLVLIDAMQRLGVAYHFHNEIETSIQNIFDAPKQNNNLHIVSLHFRLVRQQGHYMSSDVFKQFTNQDGKFKERLTNDVQGLLSLYEASYLRVRDEEILEEALAFTTTHLKSIVSNMSNNNNSLKVEVSEALTQPIRMTLPRMEARRYISIYENNDAHNHLLLKFAKLDFNMLQKLHQRELSDLTRWWKDLDFANKYPYARDRLVECYFWILGVYFEPKYSRARKMMTKVLKMTSIIDDTFDAYATFDELEPFNDAIQRWDANAIDSIQPYMRPAYQAFLDIYSEMEQVLSKEGKLDRVYYAKNEMKKLVRAYFKETQWLNDCDHIPKYEEHMENSLVSGGYMMIPTTCLVGMEEFISIETFEWLMNDPLIVRASSLIARAMNDIVGHEVEQERGHVASLIECYMKDYGASKQEAYAKFKKDVTNAWKDINKEFFRPTEVPMFVLERVLNLTRAADTLYKEKDAYTNAKGKLKNMINSILIESVKI,1,0.2888,139,3.9243,0.4546,15.3611,24,3.9167,936.7046,564.0848,-2,16.6667,39,0.2806,3,2,1,1,1,1,0,0,2,4,0,3,1,0,3,2,3,2,5,2,36,24,12,12,5,7,0.714285714,24,7,20,21,9
O48935_M,MATNGVVISCLREVRPPMTKHAPSMWTDTFSNFSLDDKEQQKCSETIEALKQEARGMLMAATTPLQQMTLIDTLERLGLSFHFETEIEYKIELINAAEDDGFDLFATALRFRLLRQHQRHVSCDVFDKFIDKDGKFEESLSNNVEGLLSLYEAAHVGFREERILQEAVNFTRHHLEGAELDQSPLLIREKVKRALEHPLHRDFPIVYARLFISIYEKDDSRDELLLKLSKVNFKFMQNLYKEELSQLSRWWNTWNLKSKLPYARDRVVEAYVWGVGYHYEPQYSYVRMGLAKGVLICGIMDDTYDNYATLNEAQLFTQVLDKWDRDEAERLPEYMKIVYRFILSIYENYERDAAKLGKSFAAPYFKETVKQLARAFNEEQKWVMERQLPSFQDYVKNSEKTSCIYTMFASIIPGLKSVTQETIDWIKSEPTLATSTAMIGRYWNDTSSQLRESKGGEMLTALDFHMKEYGLTKEEAASKFEGLVEETWKDINKEFIATTNYNVGREIAITFLNYARICEASYSKTDGDAYSDPNVAKANVVALFVDAIVF,1,0.9733,169,3.9031,0.4484,27.2857,22,4.6571,963.0511,519.5286,-2,31.7647,68,0.4024,2,1,1,3,2,2,1,1,2,1,0,2,0,2,5,0,3,1,4,2,35,24,11,10,4,6,0.666666667,25,9,23,15,6
P0CV96_L,MASSSWAFFKVFNPQIAPKSISHIGQSDLMQLTHKKQLPTFQRRGIAEDSLLPSSTTPIKPMHVETKHTRTMGDIFVQHSQKLELFRNVLRNAAELDALEGLNMIDAVQRLGIDYHFQREIDEILHKQMGIVSACDDLYEVALRFRLLRQHGYFVPEDVFNNFKDSKGTFKQVLGEDIKGLMSLYEASQLGTEGEDTLVEAEKFSGHLLKTSLSHLDRHRARIVGNTLRNPHRKSLASFMARNFFVTSQATNSWLNLLKEVAKTDFNMVRSVHQKEIVQISKWWKELGLVKELKFARDQPLKWYTWSMAGLTDPKLSEERVELTKPISFVYLIDDIFDVYGTLDDLILFTEAVNRWEITAIDHLPDYMKICFKALYDMTNEFSCKVYQKHGWNPLRSLKISWASLCNAFLVEAKWFASGQLPKSEEYLKNGIVSSGVNVGLVHMFFLLGQNITRKSVELLNETPAMISSSAAILRLWDDLGSAKDENQDGNDGSYVRCYLEEHEGCSIEEAREKTINMISDEWKKLNRELLSPNPFPATFTSASLNLARMIPLMYSYDGNQSLPSLKEYMKLMLYETVSM,0,0.3058,337,3.8761,0.4611,24.8182,28,4.1273,2199.2568,2604.1353,-5,43.7465,142,0.4214,6,4,6,1,4,2,2,2,2,3,1,3,2,0,4,0,3,2,8,0,55,28,27,15,5,10,0.5,40,10,34,27,13
Q29VN2_L,MYSLPGATMSAAPASIISSSSFVEPLLLAAASPAAAAAAANSHHQVRQRGHLVRTLAASSSSNTLLRSDFDLQEGLTTDVKRMLRQRQKKSGGGREMLVTIDNLKRLCIDHYFEEEIEGAMATGACTRLLHSDDLFDATLAFRLLREAGHDVSAKDDVLRRFIDGASGDFKLSLSNDVRGLLSLHDMSHLDVGGEAALLHRAKEFSSRHLASAVRYLDDPSLAEYVRQSLDHPYHLSLTQYKARHHLRYLQSLPSRDAAVERLAVAEFQLNKSLHQGEMREIKRWWMDLGLAEEIPVVRDQVMKWYMWSMAALQGSSFSRYRVEITKIISLVYVVDDIFDLVGTLEELSAFTEAVKMWDTVAADSLPSCMRSCYKALHTVTNEIAEIAQKEHGSNHVNRLRKAWAVLFDGFMVEARWLATDQVPTAEDYLRNGVITSGVPLTFMHIFSMLGYDDPSTEEEEEAIIDHMPSIISCPAKILRLWDDMGSAEDEAQEGFDGSYRDFYLMENPSRSPGEAEAHMRGLIAREWEVLNRECFCRRTFPSNLVQVCLNTARMVSVMYSYNKEQRLPVLEDYAAMMLVL,0,0.9697,140,3.8911,0.4814,28.0714,17,4.25,703.8516,311.0853,-1,51.0294,68,0.4857,2,2,1,0,1,1,0,1,1,3,0,2,3,0,3,0,2,0,3,3,28,17,11,6,2,4,0.5,22,5,18,15,7
Q75WN1_M,MALISLSSSAFTFCLKSKPTHLSKPSPKSFPTLARKCMRNTMAMATTSVESVTRRTGNHHGNLWDDDFIQSLPKLPYDAPEYRERADRLVGEVKNMFNAVRAADSSSQNILRLLEMVDKVERLGIGRHFETEIAEALDYVYRFWNDISSKDLNTAALGLRILRLHRYPVSSDVLEQFKEKDGHFLCCTTQLEEEIKSILNLFRASLIAFPNEKIMDEAKAFSTMYLKQVFQKSHILGTHLLKEITFNLEYGWRTNLPRLEARNYMDIYGENSSWLMDMDNKNILYLAKLDFNILQSLYRPELQMISRWWKDSSLYKLDFSRHRHIEYLFQGCAITGEPKHSGFRIDIAKYSTLATIIDDIYDTYGSIEELKHFTEVFKRWDSSPPDYLPEYMKIAYSALYDGINKSAQEAVQIQGRDTLHNARNAWDDYLDAVMQEAKWNSIGHMPNLKEFLENGRVSSGTRVITLQALLRLEALQESELQKIDHPSKFNYLFGLTLRLRGDTRTFKAEANRGEVTSSIACYLKEHPESTEKDALKYLQFMLDENLKELNLEYLKNDGVPICIKDFAYDMSRCFEVFYKERDGFSISTKDMKNHVERILIEPVEM,1,0.022,143,3.8222,0.4542,16.0882,24,4.1176,909.3592,459.4186,-4,8.2609,23,0.1608,2,2,1,0,3,1,0,0,3,3,0,1,1,0,3,1,3,1,5,4,34,24,10,12,4,8,0.5,22,8,19,18,7
Q9FV72_M,MYTGAIMHMAIPIKPAHYLHNSGRSYASQLCGFSSTSTRAAIARLPLCLRFRCSLQASDQRRSGNYSPSFWNADYILLLNSHYKDKSHMKRAGELIVQVKMVMGKETDPVVQLELIDDLQKLALSHHVEKEIKEILFKISTYDHKIMVERDLYSTALAFRLLRQYGFKVPQEVFDCFKNDNGEFKRSLSSDTKGLLQLYEASFLLTEGEMTLELAREFATKSLQEKLNEKTIDDDDDADTNLISCVRHSLDIPIHWRIQRPNASWWIDAYKRRSHMNPLVLELAKLDLNIFQAQFQQELKQDLGWWKNTCLAEKLPFVRDRLVECYFWCTGIIQPLQHENARVTLAKVNALITTLDDIYDVYGTLEELELFTEAIRRWDVSSIDHLPNYMQLCFLALNNFVDDTAYDVMKEKDINIIPYLRKSWLDLAETYLVEAKWFYSGHKPNLEEYLNNAWISISGPVMLCHVFFRVTDSITRETVESLFKYHDLIRYSSTILRLADDLGTSLEEVSRGDVPKSIQCYMNDNNASEEEARRHIRWLIAETWKKINEEVWSVDSPFCKDFIACAADMGRMAQFMYHNGDGHGIQNPQIHQQMTDILFEQWL,1,0.3222,126,3.9527,0.4766,11.3214,22,4.5,730.8683,258.3942,-3,26.8571,35,0.2778,1,0,1,1,0,1,1,0,3,2,0,0,3,0,3,1,3,1,5,2,28,22,6,13,5,8,0.625,15,5,14,11,3
R9W377_M,MALKVFSVATQMAIPSKLTTCLQPSHLKSSPKLFSSTNKCSGRSRLRVYCSSSQLTTERRSGNYNPSRWDVEFIQSLHSDYKKDKHAIRASELVTLVKMELEKETDQIRQLELIDDLQRMGLSDHFQNEFKEILSSIYLDHHYYKNPFPKEERDLYSTSLAFRLLREHGFQVAQEVFDSFKNEEGEFKESLSDDTRGLLQLYEASFLLTEGETTLESAREFATKFLEERVNEGGGDGDLLTRIAYSLDIPLHWRIKRPNAPVWIEWYRKRPDMNPAVLELAILDLNIVQAQFQEELKESFRWWRNTGFVEKLPFARDRLVECYFWNTGIIEPRQHASARIMMGKVNALITVIDDIYDVYGTLEELEQFTDLIRRWDINSIDQLPDYMQLCFLALNNFVDDTSYDVMKEKGVNVIPYLRQSWVDLADKYMVEARWFYGGHKPSLEEYLENSWQSISGPCMLTHIFFRVTDSFTKETVDSLYKYHDLVRWSPFVLRLADDLGTSVEEVSRGDVPKSLQCYMSVYNASEAEARKHVKWLIAEVWKKMNAERVSKDSPFGKDFIGCAVDLGRMAQLMYHNGDGHGTQHPIIHQQMTRTLFEPFA,1,0.823,117,3.7935,0.4534,18.5833,18,4.625,571.9277,155.8987,-2,23.2222,36,0.3077,0,1,1,1,1,1,1,0,2,2,0,0,2,0,3,1,2,1,4,1,24,18,6,10,4,6,0.666666667,14,6,13,9,3
TmTC1_L,MACGKELRIPKEWSKYHHAIVNEPIDPELFSLDELCAWLKDLDLCNDKSDVEKYVLAVRPYHTMRYQFVLLSREDALCKKLFKMWAHTAIAVFISDDVLECLSKTEMGQICNAFQLLVEKTRPQFSQFSTIAEMKQFLLLQKVDVKLMPHIIYFLDFANNVAKLINEQGNYSKEDVSDYWRRLVVMISLYYEGVKVEVSGSGGSYSKDIWTRLLAAGTMIWLIAQEVMSGALGKTSEHASLLNELYFLGTFYSMVLNDIYSHNRENGFHGSICNLLQTIVRSKDVPGEFEAVLKCIQILNTVVKLMYQKIETAKQKNLENRVLCKLLDNIGMTTTGCYFFHHYSHRYDDSAWRLSLVEVDDDELAEWQKCDDEEQLKEVMPLLLNYSQKANEISDTIKRGVVKINRHFRQ,0,0.3461,183,3.8383,0.4288,26.8857,19,4.1143,1478.0347,897.9186,0,24.2807,57,0.3115,2,3,0,2,3,1,0,1,3,2,0,2,1,3,2,2,3,1,2,2,35,22,13,10,5,5,1,25,8,23,17,10
