Uniprot ID,Kingdom,Amino acid sequence,Species,Monoterpene Category,Monoterpene Compound
A0A140AZ72,Animalia,MFAICKVVNYYSSCRIIPKVSGNFGTLLQRSFNRAFSCEIEANEPFVDLFSEEEHLKSMLPAVKEEIIEEHLVLHKDNKEIRNRCEKLIDYNINTESKFLTFPLIFLRTYKLLEKPALLNDENLKKACILAWCHRLIHASVIISDDIVDDSEMRYNKTTWCKLPDVGKEDAITDAAFLLTGAIFLLQNHLRHHPHNFILQKHFLRGYAFINVSYMMDNRKHHINELEKYQVHTKLYFSNLFSTAMYLANVENDYWQKVSDEICNDISQYLKVEDDVIDLYDSKGKIRKCTDISLGRPSWFLMEAYKRANAGQRKILEENFHKNNEESVEKLYSIFQELELLEVYRKFTDNFYAQEISKIREKIPKSIMQDILINLVNLAVNHKLRY,Phyllotreta striolata,Linear,Linalool
A0A3S9GV71,Plantae,MRQTQQILSFDPMVEHGSGRPLLRGKVLRNIHPGEARAFRESLDWVVDCGITEVGSVLYAKFQQARFSALAALVYPYATSEQLVWLSKFVVFLFAYDDVNDDREQLVQNPTLDGELEMLEESLMSIARGSRPRGAEQPLARAFADFMAEFQRYASDDWLACFADDVEDYLLANRMERKVHVSDNVMKPADYIPCRRSLSACRAGFDVGAALLGIDCAKIRSSEIARVMATLGNDHFSWLNDLFGIDRDLKQGTASNLIICLAAHTTHDLHHALDMTVNMLNETCTTFFELEHSEHVRADPDVRLYSQIVRSSIVGTLSWYYRSERYNAAHAKQH,Erythrolobus australicus,Linear,Linalool
A0A7S5L324,Plantae,MAAQQLLQCKLKSRASDPFQQRRSANYKPNIWSHEFLQSLSNNYDEEQYRSQFGELKEHVKRLFIDADDLLSKLELIDSIKKLGLANHFREEIKEALDNIASKNQSTEADLYSTALRFKVLRQNGYEVFQDVFSVFVDEEGAFGGNISCDDDIRGIVELFEASHLALEADNILDEAKAFSTRIFETRSCRTESSINKQIVHTLELPYHWRVHWFDVKWYIEGHDHQKEKDSLLELAKLNFNVVQNTLQKDLRELSGWWKNLGLIENLSFARNRLVECFMCTAAFAYEPHHNNLRKWLTKVLIMIAIIDDVYDVYGSLEELHHFTIAVDRWNSSKIQQLPECMKLCFQALTGITNEVAREMQTENNWSHQVLPHLKKVWADFCKALFVEAKWHKTGHMPSLKEYMNNAWITSSGSLISVHLLFSTLHEDTKEILETNEDLVYNLSLVIRLCNDLGTSAAELQRGDAPSSILCYRRENNVPEAIAREHIKGLINETMKKMNAECFGQSALELQPFTNIIMNVARMVHNLYLHGDGFGVQDGETRRQIASVLVEPFSLV,Tripterygium wilfordii,Linear,Linalool
A0A7S5L3H2,Plantae,MAFFGSSRSSIVPLKTISQTVTADSTNKWGTVDSNHKSAPTTPLNDRICNEHAHKVKDFKQIINVAGEDPSEGLAIIDAVQRLGVDHHFQDEIHTILQKHYTLANGTTTHGDCMITSLRFRLLRQEGYYVSADVFEGLKDEEGKFDQNLSGDIKGLMALYEASQLSMEGENILDEARDYSSRLLNAYVTQLDHDQARIVEHTLTHPHHKSLARFMAKNFLRDFHGTNGWIDDLKKLAKVDFDMAQSTYQKEVVQISQWWKELGLAEELKFARDQPVKWYIWTTTCHQDPSFSELRINLTKPISFVYLIDDIFDVYGTLQEVTDFTEAVDRWDHDAIDQLPYYMKICFKALDDITNEISYKVYKQHGWNPLDSLRKSWGRLCNAFLTEAKWFASGHLPKAEEYLENGIISSGVPVVLLHLFFLLGEGVTQKSVEMIDNTPAIVSAAAAILRLWDDLGSAKDEDQDGKDGSYLACYTNENPGCSLEDAEKHVKSKICDEWKQLNKECLSQKNPFSPSFLKACLNVSRMVPLMYEYDENRRLPRLEEFLKSILIK,Tripterygium wilfordii,Linear,Linalool
C0KWV3,Plantae,MSSMRTYVAIMKKPSVEHVDNVDKKASKPSWRVSLSAGLRSSCSLQLEVKPADQILTARRSGNYQPSLWDFNYLQSLNTTHYKEVRHLKREAELIEQVKMLLEEEMEAVQQLELVDDLKNLGLSYFFEDQIKQILTFIYNEHKCFHSNSIIEAEEIRDLYFTALGFRLLRQHGFQISQEVFDCFKNEEGSDFKARLGDDTKGLLQLYEASFLLREGEDTLELARQYATKFLQKKVDHELIDDNNLLSWILHSLEIPLHWRIQRLEARWFLDAYASRRDMNQIILELAKLDFNIIQATQQEELKDLSRWWKSSCLAEKLPFVRDRLVESYFWAIALFEPHQYGYHRKIAAKIITLITSLDDVYDIYGTLDELQLFTDAIQRWDTESISRLPYYMQLFYMVLYNFVPRLAYDGLKEKGFITIPYLQRSWADLVEAYLKEAKWYYNGYTPSMEEYLNNAYISIGATPVISQVFFTLATSIDKPVIDSLYEYHRILRLSGILVRLPDDLGTSPFEMKRGDVPKAIQLYMKERNATEIEAQEHVRFLIREAWKEMNTATAAVDCPFTDDLVTAAANLGRAAQFMYLDGDGNHSQLHQRIACLLFEPYA,Perilla setoyensis,Linear,Linalool
ErTC-1,Animalia,MSISQMVFSKELRVPKEWSKYHFDIVKEPIDPELFSEDELFDWVEDLGLTDDKSVVTKYAQRTGGYLFLRLHMVFFPKNSLFKKLFKLWAHLVPSLFVTDDFLEATSEIEMRQVCDGFEFLAGQIRGQLPQFPTIAEMKQSLLLQKIDEKLIPHTIHLMDFANNVAKSIIQHSSIPIESVNEYWRRLVVVCSLYYAGVAFEVKHSVRSYSEDVWTGVFTVAYLLWLPCLEILSGAVGKTTEHLSLINELSFLATFSARVVNDIYSYNRELVLEHKPVSMVARIAESKEVTTADEALIKNVEILGAIVKVMYQRIEKAKQENQTNKELCKWLDNIGVGTIGVHFWHHYIPRYTSAPCRLSFVGVEEDELKEWRKCSEEEPPKELFPVLLDHSQIAKRINDAIISGVVPTQVKNVLCTD,Eleutherobia rubra,Linear,Linalool
G1JUH4,Plantae,MVSIFSNAGMMMVTFNRPSFTCFSSLHHYSISARGAINNISTPISATRRSGNYKPTMWDFQFIQSLHNPYEGDKYMKRLNELKKEVKKMMMTVEGSHDEELEKLELIDNLERLGVSYHFKDEIMQILRSINININIAPPDSLYTTSLKFRLLRQHGFHISQDVLKDFKDENGNLKQSICKDTKGMLELYEASFLSTETENTLKSATRFTMSHLKNYVDNHSCGNQDDDIIVELVVHALELPRHWMMPKLETEWYIRIYGRMPNANPLLLELAKLDFNIVQAAHQQDLKILSRWWKSMSLAEKLSFSRDRLVEDFFWSVGLAFEPQHSLCRRMLAKNVAFIIVIDDIYDVYGSLDELEIFTHAVERWDIKAMEQLPDYMKICYLSLFNTTNEMAYHILKQQGINVLPYLTKQWTDLCKSYLQEAKWYHNGHKPRLEEYMDNAWISIATPLVLLHAFIFLTNPITQEALESLNNYPDIIRRCAIINRFVDDLGTSSDELKRGDVPKSIQCYMNDTGASEEEAREHINLLIKEMWEVMNKDQISKQVLFSEEFIKIVFNFSRTSHCVYQHGDGHGIQNSHITNRISKLLFEPLII,Solanum lycopersicum ,Monocyclic,Limonene
G8H5M7,Plantae,MAASSANKSRPLANFHPTVWGYHFLSYTHEITNQEKVEVDEYKETIRKMLVEAPEGSEQKLVLIDAMQRLGVAYHFHNEIETSIQNIFDAPKQNNNLHIVSLHFRLVRQQGHYMSSDVFKQFTNQDGKFKERLTNDVQGLLSLYEASYLRVRDEEILEEALAFTTTHLKSIVSNMSNNNNSLKVEVSEALTQPIRMTLPRMEARRYISIYENNDAHNHLLLKFAKLDFNMLQKLHQRELSDLTRWWKDLDFANKYPYARDRLVECYFWILGVYFEPKYSRARKMMTKVLKMTSIIDDTFDAYATFDELEPFNDAIQRWDANAIDSIQPYMRPAYQAFLDIYSEMEQVLSKEGKLDRVYYAKNEMKKLVRAYFKETQWLNDCDHIPKYEEHMENSLVSGGYMMIPTTCLVGMEEFISIETFEWLMNDPLIVRASSLIARAMNDIVGHEVEQERGHVASLIECYMKDYGASKQEAYAKFKKDVTNAWKDINKEFFRPTEVPMFVLERVLNLTRAADTLYKEKDAYTNAKGKLKNMINSILIESVKI,Solanum habrochaites,Monocyclic,Limonene
O04806,Plantae,MYTGAIMHMAIPIKPAHYLHNSGRSYASQLCGFSSTSTRAAIARLPLCLRFRCSLQASDQRRSGNYSPSFWNADYILSLNSHYKDKSHMKRAGELIVQVKMVMGKETDPVVQLELIDDLQKLALSHHVEKEIKEILFKISTYDHKIMVERDLYSTALAFRLLRQYGFKVPQEVFDCFKNDNGEFKRSLSSDTKGLLQLYEASFLLTEGEMTLELAREFATKSLQEKLNEKTIDDDDDADTNLISCVRHSLDIPIHWRIQRPNASWWIDAYKRRSHMNPLVLELAKLDLNIFQAQFQQELKQDLGWWKNTCLAEKLPFVRDRLVECYFWCTGIIQPLQHENARVTLAKVNALITTLDDIYDVYGTLEELELFTEAIRRWDVSSIDHLPNYMQLCFLALNNFVDDTAYDVMKEKDINIIPYLRKSWLDLAETYLVEAKWFYSGHKPNLEEYLNNAWISISGPVMLWHVFFRVTDSITRETVESLFKYHDLIRYSSTILRLADDLGTSLEEVSRGDVPKSIQCYMNDNNASEEEARRHIRWLIAETWKKINEEVWSVDSPFCKDFIACAADMGRMAQFMYHNGDGHGIQNPQIHQQMTDILFEQWL,Perilla frutescens var. acuta,Monocyclic,Limonene
P0CV96,Plantae,MASSSWAFFKVFNPQIAPKSISHIGQSDLMQLTHKKQLPTFQRRGIAEDSLLPSSTTPIKPMHVETKHTRTMGDIFVQHSQKLELFRNVLRNAAELDALEGLNMIDAVQRLGIDYHFQREIDEILHKQMGIVSACDDLYEVALRFRLLRQHGYFVPEDVFNNFKDSKGTFKQVLGEDIKGLMSLYEASQLGTEGEDTLVEAEKFSGHLLKTSLSHLDRHRARIVGNTLRNPHRKSLASFMARNFFVTSQATNSWLNLLKEVAKTDFNMVRSVHQKEIVQISKWWKELGLVKELKFARDQPLKWYTWSMAGLTDPKLSEERVELTKPISFVYLIDDIFDVYGTLDDLILFTEAVNRWEITAIDHLPDYMKICFKALYDMTNEFSCKVYQKHGWNPLRSLKISWASLCNAFLVEAKWFASGQLPKSEEYLKNGIVSSGVNVGLVHMFFLLGQNITRKSVELLNETPAMISSSAAILRLWDDLGSAKDENQDGNDGSYVRCYLEEHEGCSIEEAREKTINMISDEWKKLNRELLSPNPFPATFTSASLNLARMIPLMYSYDGNQSLPSLKEYMKLMLYETVSM,Fragaria vesca,Linear,Linalool
Q29VN2,Plantae,MYSLPGATMSAAPASIISSSSFVEPLLLAAASPAAAAAAANSHHQVRQRGHLVRTLAASSSSNTLLRSDFDLQEGLTTDVKRMLRQRQKKSGGGREMLVTIDNLKRLCIDHYFEEEIEGAMATGACTRLLHSDDLFDATLAFRLLREAGHDVSAKDDVLRRFIDGASGDFKLSLSNDVRGLLSLHDMSHLDVGGEAALLHRAKEFSSRHLASAVRYLDDPSLAEYVRQSLDHPYHLSLTQYKARHHLRYLQSLPSRDAAVERLAVAEFQLNKSLHQGEMREIKRWWMDLGLAEEIPVVRDQVMKWYMWSMAALQGSSFSRYRVEITKIISLVYVVDDIFDLVGTLEELSAFTEAVKMWDTVAADSLPSCMRSCYKALHTVTNEIAEIAQKEHGSNHVNRLRKAWAVLFDGFMVEARWLATDQVPTAEDYLRNGVITSGVPLTFMHIFSMLGYDDPSTEEEEEAIIDHMPSIISCPAKILRLWDDMGSAEDEAQEGFDGSYRDFYLMENPSRSPGEAEAHMRGLIAREWEVLNRECFCRRTFPSNLVQVCLNTARMVSVMYSYNKEQRLPVLEDYAAMMLVL,Zea mays,Linear,Linalool
Q75WN1,Plantae,MALISLSSSAFTFCLKSKPTHLSKPSPKSFPTLARKCMRNTMAMATTSVESVTRRTGNHHGNLWDDDFIQSLPKLPYDAPEYRERADRLVGEVKNMFNAVRAADSSSQNILRLLEMVDKVERLGIGRHFETEIAEALDYVYRFWNDISSKDLNTAALGLRILRLHRYPVSSDVLEQFKEKDGHFLCCTTQLEEEIKSILNLFRASLIAFPNEKIMDEAKAFSTMYLKQVFQKSHILGTHLLKEITFNLEYGWRTNLPRLEARNYMDIYGENSSWLMDMDNKNILYLAKLDFNILQSLYRPELQMISRWWKDSSLYKLDFSRHRHIEYLFQGCAITGEPKHSGFRIDIAKYSTLATIIDDIYDTYGSIEELKHFTEVFKRWDSSPPDYLPEYMKIAYSALYDGINKSAQEAVQIQGRDTLHNARNAWDDYLDAVMQEAKWNSIGHMPNLKEFLENGRVSSGTRVITLQALLRLEALQESELQKIDHPSKFNYLFGLTLRLRGDTRTFKAEANRGEVTSSIACYLKEHPESTEKDALKYLQFMLDENLKELNLEYLKNDGVPICIKDFAYDMSRCFEVFYKERDGFSISTKDMKNHVERILIEPVEM,Chamaecyparis obtusa,Monocyclic,Limonene
Q9FV72,Plantae,MYTGAIMHMAIPIKPAHYLHNSGRSYASQLCGFSSTSTRAAIARLPLCLRFRCSLQASDQRRSGNYSPSFWNADYILLLNSHYKDKSHMKRAGELIVQVKMVMGKETDPVVQLELIDDLQKLALSHHVEKEIKEILFKISTYDHKIMVERDLYSTALAFRLLRQYGFKVPQEVFDCFKNDNGEFKRSLSSDTKGLLQLYEASFLLTEGEMTLELAREFATKSLQEKLNEKTIDDDDDADTNLISCVRHSLDIPIHWRIQRPNASWWIDAYKRRSHMNPLVLELAKLDLNIFQAQFQQELKQDLGWWKNTCLAEKLPFVRDRLVECYFWCTGIIQPLQHENARVTLAKVNALITTLDDIYDVYGTLEELELFTEAIRRWDVSSIDHLPNYMQLCFLALNNFVDDTAYDVMKEKDINIIPYLRKSWLDLAETYLVEAKWFYSGHKPNLEEYLNNAWISISGPVMLCHVFFRVTDSITRETVESLFKYHDLIRYSSTILRLADDLGTSLEEVSRGDVPKSIQCYMNDNNASEEEARRHIRWLIAETWKKINEEVWSVDSPFCKDFIACAADMGRMAQFMYHNGDGHGIQNPQIHQQMTDILFEQWL,Perilla frutescens,Monocyclic,Limonene
R9W377,Plantae,MALKVFSVATQMAIPSKLTTCLQPSHLKSSPKLFSSTNKCSGRSRLRVYCSSSQLTTERRSGNYNPSRWDVEFIQSLHSDYKKDKHAIRASELVTLVKMELEKETDQIRQLELIDDLQRMGLSDHFQNEFKEILSSIYLDHHYYKNPFPKEERDLYSTSLAFRLLREHGFQVAQEVFDSFKNEEGEFKESLSDDTRGLLQLYEASFLLTEGETTLESAREFATKFLEERVNEGGGDGDLLTRIAYSLDIPLHWRIKRPNAPVWIEWYRKRPDMNPAVLELAILDLNIVQAQFQEELKESFRWWRNTGFVEKLPFARDRLVECYFWNTGIIEPRQHASARIMMGKVNALITVIDDIYDVYGTLEELEQFTDLIRRWDINSIDQLPDYMQLCFLALNNFVDDTSYDVMKEKGVNVIPYLRQSWVDLADKYMVEARWFYGGHKPSLEEYLENSWQSISGPCMLTHIFFRVTDSFTKETVDSLYKYHDLVRWSPFVLRLADDLGTSVEEVSRGDVPKSLQCYMSVYNASEAEARKHVKWLIAEVWKKMNAERVSKDSPFGKDFIGCAVDLGRMAQLMYHNGDGHGTQHPIIHQQMTRTLFEPFA,Mentha spicata,Monocyclic,Limonene
TmTC-1,Animalia,MACGKELRIPKEWSKYHHAIVNEPIDPELFSLDELCAWLKDLDLCNDKSDVEKYVLAVRPYHTMRYQFVLLSREDALCKKLFKMWAHTAIAVFISDDVLECLSKTEMGQICNAFQLLVEKTRPQFSQFSTIAEMKQFLLLQKVDVKLMPHIIYFLDFANNVAKLINEQGNYSKEDVSDYWRRLVVMISLYYEGVKVEVSGSGGSYSKDIWTRLLAAGTMIWLIAQEVMSGALGKTSEHASLLNELYFLGTFYSMVLNDIYSHNRENGFHGSICNLLQTIVRSKDVPGEFEAVLKCIQILNTVVKLMYQKIETAKQKNLENRVLCKLLDNIGMTTTGCYFFHHYSHRYDDSAWRLSLVEVDDDELAEWQKCDDEEQLKEVMPLLLNYSQKANEISDTIKRGVVKINRHFRQ,Tubipora musica,Linear,Linalool
